<?xml version="1.0" encoding="utf-8"?><!-- Copyright (c) Microsoft Corporation.  All rights reserved. --><GroupPolicyBackupScheme bkp:version="2.0" bkp:type="GroupPolicyBackupTemplate" xmlns:bkp="http://www.microsoft.com/GroupPolicy/GPOOperations" xmlns="http://www.microsoft.com/GroupPolicy/GPOOperations">
    <GroupPolicyObject><SecurityGroups><Group bkp:Source="FromDACL"><Sid><![CDATA[S-1-5-21-3045615487-1536885325-1232582613-512]]></Sid><SamAccountName><![CDATA[Domain Admins]]></SamAccountName><Type><![CDATA[GlobalGroup]]></Type><NetBIOSDomainName><![CDATA[PROVALTECH]]></NetBIOSDomainName><DnsDomainName><![CDATA[provaltech.com]]></DnsDomainName><UPN><![CDATA[Domain Admins@provaltech.com]]></UPN></Group><Group bkp:Source="FromDACL"><Sid><![CDATA[S-1-5-21-3045615487-1536885325-1232582613-519]]></Sid><SamAccountName><![CDATA[Enterprise Admins]]></SamAccountName><Type><![CDATA[UniversalGroup]]></Type><NetBIOSDomainName><![CDATA[PROVALTECH]]></NetBIOSDomainName><DnsDomainName><![CDATA[provaltech.com]]></DnsDomainName><UPN><![CDATA[Enterprise Admins@provaltech.com]]></UPN></Group></SecurityGroups><FilePaths><Path><![CDATA[\\Provaltech\netlogon]]></Path></FilePaths><GroupPolicyCoreSettings><ID><![CDATA[{29762080-34D5-474A-872B-04BF0CC3F7E0}]]></ID><Domain><![CDATA[provaltech.com]]></Domain><SecurityDescriptor>01 00 04 9c 00 00 00 00 00 00 00 00 00 00 00 00 14 00 00 00 04 00 ec 00 08 00 00 00 05 02 28 00 00 01 00 00 01 00 00 00 8f fd ac ed b3 ff d1 11 b4 1d 00 a0 c9 68 f9 39 01 01 00 00 00 00 00 05 0b 00 00 00 00 00 24 00 ff 00 0f 00 01 05 00 00 00 00 00 05 15 00 00 00 7f 67 88 b5 4d 02 9b 5b d5 b7 77 49 00 02 00 00 00 02 24 00 ff 00 0f 00 01 05 00 00 00 00 00 05 15 00 00 00 7f 67 88 b5 4d 02 9b 5b d5 b7 77 49 00 02 00 00 00 02 24 00 ff 00 0f 00 01 05 00 00 00 00 00 05 15 00 00 00 7f 67 88 b5 4d 02 9b 5b d5 b7 77 49 07 02 00 00 00 02 14 00 94 00 02 00 01 01 00 00 00 00 00 05 09 00 00 00 00 02 14 00 94 00 02 00 01 01 00 00 00 00 00 05 0b 00 00 00 00 02 14 00 ff 00 0f 00 01 01 00 00 00 00 00 05 12 00 00 00 00 0a 14 00 ff 00 0f 00 01 01 00 00 00 00 00 03 00 00 00 00</SecurityDescriptor><DisplayName><![CDATA[LabTech_Agent_Installation_Policy]]></DisplayName><Options><![CDATA[0]]></Options><UserVersionNumber><![CDATA[786444]]></UserVersionNumber><MachineVersionNumber><![CDATA[0]]></MachineVersionNumber><MachineExtensionGuids/><UserExtensionGuids><![CDATA[[{C6DC5466-785A-11D2-84D0-00C04FB169F7}{BACF5C8A-A3C7-11D1-A760-00C04FB9603F}]]]></UserExtensionGuids><WMIFilter/></GroupPolicyCoreSettings> 
        <GroupPolicyExtension bkp:ID="{35378EAC-683F-11D2-A89A-00C04FBBCFA2}" bkp:DescName="Registry">
            
            
            <FSObjectFile bkp:Path="%GPO_FSPATH%\Adm\*.*" bkp:SourceExpandedPath="\\DC-01.provaltech.com\sysvol\provaltech.com\Policies\{29762080-34D5-474A-872B-04BF0CC3F7E0}\Adm\*.*"/>
        </GroupPolicyExtension>
        
        
        
        
        
        
        
        
        <GroupPolicyExtension bkp:ID="{c6dc5466-785a-11d2-84d0-00c04fb169f7}" bkp:DescName="Software Installation">
            <DSObject bkp:Path="cn=Class Store,%GPO_USER_DSPATH%" bkp:ObjectClass="classStore" bkp:SourceExpandedPath="cn=Class Store,cn=User,cn={29762080-34D5-474A-872B-04BF0CC3F7E0},CN=Policies,CN=System,DC=provaltech,DC=com">
                <DSObject bkp:Path="cn=Packages,cn=Class Store,%GPO_USER_DSPATH%" bkp:ObjectClass="classStore" bkp:SourceExpandedPath="cn=Packages,cn=Class Store,cn=User,cn={29762080-34D5-474A-872B-04BF0CC3F7E0},CN=Policies,CN=System,DC=provaltech,DC=com">
                    <DSObject bkp:Path="*,cn=Packages,cn=Class Store,%GPO_USER_DSPATH%" bkp:ObjectClass="packageRegistration" bkp:SourceExpandedPath="*,cn=Packages,cn=Class Store,cn=User,cn={29762080-34D5-474A-872B-04BF0CC3F7E0},CN=Policies,CN=System,DC=provaltech,DC=com" bkp:ReEvaluateFunction="SIProcessAllPackageObjects"><DSObject bkp:ObjectClass="packageRegistration" bkp:Path="CN=eb7c1cf3-ae7f-4ed5-8aaf-c67c8303ee4f,CN=Packages,CN=Class Store,%GPO_USER_DSPATH%" bkp:SourceExpandedPath="CN=eb7c1cf3-ae7f-4ed5-8aaf-c67c8303ee4f,CN=Packages,CN=Class Store,cn=User,cn={29762080-34D5-474A-872B-04BF0CC3F7E0},CN=Policies,CN=System,DC=provaltech,DC=com" bkp:ReEvaluateFunction="SIProcessPackageObject"><FSObjectFile bkp:Path="%GPO_USER_FSPATH%\Applications\{005AD360-2528-4C7C-BFC4-65554CE8358E}.aas" bkp:SourceExpandedPath="\\DC-01.provaltech.com\sysvol\provaltech.com\Policies\{29762080-34D5-474A-872B-04BF0CC3F7E0}\User\Applications\{005AD360-2528-4C7C-BFC4-65554CE8358E}.aas" bkp:Location="DomainSysvol\GPO\User\Applications\{005AD360-2528-4C7C-BFC4-65554CE8358E}.aas"/>
                        <SecurityDescriptor>01 00 04 8c 00 00 00 00 00 00 00 00 00 00 00 00 14 00 00 00 04 00 14 01 0a 00 00 00 00 00 24 00 ff 01 0f 00 01 05 00 00 00 00 00 05 15 00 00 00 7f 67 88 b5 4d 02 9b 5b d5 b7 77 49 00 02 00 00 00 00 14 00 94 00 02 00 01 01 00 00 00 00 00 05 0b 00 00 00 00 00 14 00 ff 01 0f 00 01 01 00 00 00 00 00 05 12 00 00 00 05 12 28 00 00 01 00 00 01 00 00 00 8f fd ac ed b3 ff d1 11 b4 1d 00 a0 c9 68 f9 39 01 01 00 00 00 00 00 05 0b 00 00 00 00 12 24 00 ff 00 0f 00 01 05 00 00 00 00 00 05 15 00 00 00 7f 67 88 b5 4d 02 9b 5b d5 b7 77 49 00 02 00 00 00 12 24 00 ff 00 0f 00 01 05 00 00 00 00 00 05 15 00 00 00 7f 67 88 b5 4d 02 9b 5b d5 b7 77 49 07 02 00 00 00 12 14 00 94 00 02 00 01 01 00 00 00 00 00 05 09 00 00 00 00 12 14 00 94 00 02 00 01 01 00 00 00 00 00 05 0b 00 00 00 00 12 14 00 ff 00 0f 00 01 01 00 00 00 00 00 05 12 00 00 00 00 1a 14 00 ff 00 0f 00 01 01 00 00 00 00 00 03 00 00 00 00</SecurityDescriptor>
                        <DSAttributeBinary bkp:DSAttrName="objectGUID"><DSValue><![CDATA[a4 f1 3b c7 10 31 55 4a ad 5c ce 7c 3f b8 dc 29]]></DSValue></DSAttributeBinary>
                        <DSAttributeMultiString bkp:DSAttrName="cOMClassID"><DSValue><![CDATA[00000000-0000-0000-0000-000000000000:0]]></DSValue></DSAttributeMultiString>
                        <DSAttributeMultiString bkp:DSAttrName="cOMProgID"/>
                        <DSAttributeMultiString bkp:DSAttrName="fileExtPriority"/>
                        <DSAttributeMultiDWORD bkp:DSAttrName="localeID"><DSValue><![CDATA[1033]]></DSValue></DSAttributeMultiDWORD>
                        <DSAttributeMultiDWORD bkp:DSAttrName="machineArchitecture"><DSValue><![CDATA[1282]]></DSValue></DSAttributeMultiDWORD>
                        <DSAttributeDWORD bkp:DSAttrName="versionNumberHi"><DSValue><![CDATA[11]]></DSValue></DSAttributeDWORD>
                        <DSAttributeDWORD bkp:DSAttrName="versionNumberLo"><DSValue><![CDATA[0]]></DSValue></DSAttributeDWORD>
                        <DSAttributeDWORD bkp:DSAttrName="revision"><DSValue><![CDATA[0]]></DSValue></DSAttributeDWORD>
                        <DSAttributeDWORD bkp:DSAttrName="packageType"><DSValue><![CDATA[5]]></DSValue></DSAttributeDWORD>
                        <DSAttributeDWORD bkp:DSAttrName="packageFlags"><DSValue><![CDATA[2684365936]]></DSValue></DSAttributeDWORD>
                        <DSAttributeString bkp:DSAttrName="packageName"><DSValue><![CDATA[LabTech® Software Remote Agent]]></DSValue></DSAttributeString>
                        <DSAttributeString bkp:DSAttrName="msiScriptPath"><DSValue><![CDATA[\\provaltech.com\SysVol\provaltech.com\Policies\{29762080-34D5-474A-872B-04BF0CC3F7E0}\User\Applications\{005AD360-2528-4C7C-BFC4-65554CE8358E}.aas]]></DSValue></DSAttributeString>
                        <DSAttributeString bkp:DSAttrName="msiScriptName"><DSValue><![CDATA[A]]></DSValue></DSAttributeString>
                        <DSAttributeDWORD bkp:DSAttrName="msiScriptSize"/>
                        <DSAttributeMultiString bkp:DSAttrName="url"/>
                        <DSAttributeString bkp:DSAttrName="setupCommand"/>
                        <DSAttributeString bkp:DSAttrName="lastUpdateSequence"><DSValue><![CDATA[20170912052459]]></DSValue></DSAttributeString>
                        <DSAttributeMultiString bkp:DSAttrName="msiFileList"><DSValue><![CDATA[0:\\Provaltech\netlogon\Agent_Install.MSI]]></DSValue></DSAttributeMultiString>
                        <DSAttributeMultiString bkp:DSAttrName="categories"/>
                        <DSAttributeMultiString bkp:DSAttrName="canUpgradeScript"/>
                        <DSAttributeDWORD bkp:DSAttrName="installUiLevel"><DSValue><![CDATA[5]]></DSValue></DSAttributeDWORD>
                        <DSAttributeBinary bkp:DSAttrName="msiScript"/>
                        <DSAttributeString bkp:DSAttrName="displayName"><DSValue><![CDATA[LabTech® Software Remote Agent]]></DSValue></DSAttributeString>
                        <DSAttributeBinary bkp:DSAttrName="productCode"><DSValue><![CDATA[1d 00 a3 58 75 b6 67 4d a5 a1 0f a9 f0 8c f7 ca]]></DSValue></DSAttributeBinary>
                        <DSAttributeBinary bkp:DSAttrName="upgradeProductCode"><DSValue><![CDATA[60 18 b1 32 30 67 7f 40 b5 db 19 4e 32 51 de e3]]></DSValue></DSAttributeBinary>
                        <DSAttributeString bkp:DSAttrName="Vendor"/>
                    </DSObject><DSObject bkp:ObjectClass="packageRegistration" bkp:Path="CN=dafe0a8c-c1d0-4978-979f-20ccf1e69a28,CN=Packages,CN=Class Store,%GPO_USER_DSPATH%" bkp:SourceExpandedPath="CN=dafe0a8c-c1d0-4978-979f-20ccf1e69a28,CN=Packages,CN=Class Store,cn=User,cn={29762080-34D5-474A-872B-04BF0CC3F7E0},CN=Policies,CN=System,DC=provaltech,DC=com" bkp:ReEvaluateFunction="SIProcessPackageObject"><FSObjectFile bkp:Path="%GPO_USER_FSPATH%\Applications\{BA745654-F437-4B48-9816-C263FF40546E}.aas" bkp:SourceExpandedPath="\\DC-01.provaltech.com\sysvol\provaltech.com\Policies\{29762080-34D5-474A-872B-04BF0CC3F7E0}\User\Applications\{BA745654-F437-4B48-9816-C263FF40546E}.aas" bkp:Location="DomainSysvol\GPO\User\Applications\{BA745654-F437-4B48-9816-C263FF40546E}.aas"/>
                        <SecurityDescriptor>01 00 04 8c 00 00 00 00 00 00 00 00 00 00 00 00 14 00 00 00 04 00 14 01 0a 00 00 00 00 00 24 00 ff 01 0f 00 01 05 00 00 00 00 00 05 15 00 00 00 7f 67 88 b5 4d 02 9b 5b d5 b7 77 49 00 02 00 00 00 00 14 00 94 00 02 00 01 01 00 00 00 00 00 05 0b 00 00 00 00 00 14 00 ff 01 0f 00 01 01 00 00 00 00 00 05 12 00 00 00 05 12 28 00 00 01 00 00 01 00 00 00 8f fd ac ed b3 ff d1 11 b4 1d 00 a0 c9 68 f9 39 01 01 00 00 00 00 00 05 0b 00 00 00 00 12 24 00 ff 00 0f 00 01 05 00 00 00 00 00 05 15 00 00 00 7f 67 88 b5 4d 02 9b 5b d5 b7 77 49 00 02 00 00 00 12 24 00 ff 00 0f 00 01 05 00 00 00 00 00 05 15 00 00 00 7f 67 88 b5 4d 02 9b 5b d5 b7 77 49 07 02 00 00 00 12 14 00 94 00 02 00 01 01 00 00 00 00 00 05 09 00 00 00 00 12 14 00 94 00 02 00 01 01 00 00 00 00 00 05 0b 00 00 00 00 12 14 00 ff 00 0f 00 01 01 00 00 00 00 00 05 12 00 00 00 00 1a 14 00 ff 00 0f 00 01 01 00 00 00 00 00 03 00 00 00 00</SecurityDescriptor>
                        <DSAttributeBinary bkp:DSAttrName="objectGUID"><DSValue><![CDATA[ea 87 7c 2b 9b f1 5b 41 9f 34 99 63 31 8d 69 14]]></DSValue></DSAttributeBinary>
                        <DSAttributeMultiString bkp:DSAttrName="cOMClassID"><DSValue><![CDATA[00000000-0000-0000-0000-000000000000:0]]></DSValue></DSAttributeMultiString>
                        <DSAttributeMultiString bkp:DSAttrName="cOMProgID"/>
                        <DSAttributeMultiString bkp:DSAttrName="fileExtPriority"/>
                        <DSAttributeMultiDWORD bkp:DSAttrName="localeID"><DSValue><![CDATA[1033]]></DSValue></DSAttributeMultiDWORD>
                        <DSAttributeMultiDWORD bkp:DSAttrName="machineArchitecture"><DSValue><![CDATA[1282]]></DSValue></DSAttributeMultiDWORD>
                        <DSAttributeDWORD bkp:DSAttrName="versionNumberHi"><DSValue><![CDATA[11]]></DSValue></DSAttributeDWORD>
                        <DSAttributeDWORD bkp:DSAttrName="versionNumberLo"><DSValue><![CDATA[0]]></DSValue></DSAttributeDWORD>
                        <DSAttributeDWORD bkp:DSAttrName="revision"><DSValue><![CDATA[0]]></DSValue></DSAttributeDWORD>
                        <DSAttributeDWORD bkp:DSAttrName="packageType"><DSValue><![CDATA[5]]></DSValue></DSAttributeDWORD>
                        <DSAttributeDWORD bkp:DSAttrName="packageFlags"><DSValue><![CDATA[2684354832]]></DSValue></DSAttributeDWORD>
                        <DSAttributeString bkp:DSAttrName="packageName"><DSValue><![CDATA[LabTech® Software Remote Agent]]></DSValue></DSAttributeString>
                        <DSAttributeString bkp:DSAttrName="msiScriptPath"><DSValue><![CDATA[\\provaltech.com\SysVol\provaltech.com\Policies\{29762080-34D5-474A-872B-04BF0CC3F7E0}\User\Applications\{BA745654-F437-4B48-9816-C263FF40546E}.aas]]></DSValue></DSAttributeString>
                        <DSAttributeString bkp:DSAttrName="msiScriptName"><DSValue><![CDATA[R]]></DSValue></DSAttributeString>
                        <DSAttributeDWORD bkp:DSAttrName="msiScriptSize"/>
                        <DSAttributeMultiString bkp:DSAttrName="url"/>
                        <DSAttributeString bkp:DSAttrName="setupCommand"/>
                        <DSAttributeString bkp:DSAttrName="lastUpdateSequence"><DSValue><![CDATA[20170912052402]]></DSValue></DSAttributeString>
                        <DSAttributeMultiString bkp:DSAttrName="msiFileList"><DSValue><![CDATA[0:\\provaltech.com\NETLOGON\Agent_Install.MSI]]></DSValue></DSAttributeMultiString>
                        <DSAttributeMultiString bkp:DSAttrName="categories"/>
                        <DSAttributeMultiString bkp:DSAttrName="canUpgradeScript"/>
                        <DSAttributeDWORD bkp:DSAttrName="installUiLevel"><DSValue><![CDATA[5]]></DSValue></DSAttributeDWORD>
                        <DSAttributeBinary bkp:DSAttrName="msiScript"/>
                        <DSAttributeString bkp:DSAttrName="displayName"><DSValue><![CDATA[LabTech® Software Remote Agent]]></DSValue></DSAttributeString>
                        <DSAttributeBinary bkp:DSAttrName="productCode"><DSValue><![CDATA[1d 00 a3 58 75 b6 67 4d a5 a1 0f a9 f0 8c f7 ca]]></DSValue></DSAttributeBinary>
                        <DSAttributeBinary bkp:DSAttrName="upgradeProductCode"><DSValue><![CDATA[60 18 b1 32 30 67 7f 40 b5 db 19 4e 32 51 de e3]]></DSValue></DSAttributeBinary>
                        <DSAttributeString bkp:DSAttrName="Vendor"/>
                    </DSObject><DSObject bkp:ObjectClass="packageRegistration" bkp:Path="CN=c06f7da0-31a6-420d-8e77-ce5629040aae,CN=Packages,CN=Class Store,%GPO_USER_DSPATH%" bkp:SourceExpandedPath="CN=c06f7da0-31a6-420d-8e77-ce5629040aae,CN=Packages,CN=Class Store,cn=User,cn={29762080-34D5-474A-872B-04BF0CC3F7E0},CN=Policies,CN=System,DC=provaltech,DC=com" bkp:ReEvaluateFunction="SIProcessPackageObject"><FSObjectFile bkp:Path="%GPO_USER_FSPATH%\Applications\{FC144A4A-933E-447E-8350-CAFE15322608}.aas" bkp:SourceExpandedPath="\\DC-01.provaltech.com\sysvol\provaltech.com\Policies\{29762080-34D5-474A-872B-04BF0CC3F7E0}\User\Applications\{FC144A4A-933E-447E-8350-CAFE15322608}.aas" bkp:Location="DomainSysvol\GPO\User\Applications\{FC144A4A-933E-447E-8350-CAFE15322608}.aas"/>
                        <SecurityDescriptor>01 00 04 8c 00 00 00 00 00 00 00 00 00 00 00 00 14 00 00 00 04 00 14 01 0a 00 00 00 00 00 24 00 ff 01 0f 00 01 05 00 00 00 00 00 05 15 00 00 00 7f 67 88 b5 4d 02 9b 5b d5 b7 77 49 00 02 00 00 00 00 14 00 94 00 02 00 01 01 00 00 00 00 00 05 0b 00 00 00 00 00 14 00 ff 01 0f 00 01 01 00 00 00 00 00 05 12 00 00 00 05 12 28 00 00 01 00 00 01 00 00 00 8f fd ac ed b3 ff d1 11 b4 1d 00 a0 c9 68 f9 39 01 01 00 00 00 00 00 05 0b 00 00 00 00 12 24 00 ff 00 0f 00 01 05 00 00 00 00 00 05 15 00 00 00 7f 67 88 b5 4d 02 9b 5b d5 b7 77 49 00 02 00 00 00 12 24 00 ff 00 0f 00 01 05 00 00 00 00 00 05 15 00 00 00 7f 67 88 b5 4d 02 9b 5b d5 b7 77 49 07 02 00 00 00 12 14 00 94 00 02 00 01 01 00 00 00 00 00 05 09 00 00 00 00 12 14 00 94 00 02 00 01 01 00 00 00 00 00 05 0b 00 00 00 00 12 14 00 ff 00 0f 00 01 01 00 00 00 00 00 05 12 00 00 00 00 1a 14 00 ff 00 0f 00 01 01 00 00 00 00 00 03 00 00 00 00</SecurityDescriptor>
                        <DSAttributeBinary bkp:DSAttrName="objectGUID"><DSValue><![CDATA[66 d2 3b d5 7f b2 33 49 9f 02 d5 5b 9d 4c da 6c]]></DSValue></DSAttributeBinary>
                        <DSAttributeMultiString bkp:DSAttrName="cOMClassID"><DSValue><![CDATA[00000000-0000-0000-0000-000000000000:0]]></DSValue></DSAttributeMultiString>
                        <DSAttributeMultiString bkp:DSAttrName="cOMProgID"/>
                        <DSAttributeMultiString bkp:DSAttrName="fileExtPriority"/>
                        <DSAttributeMultiDWORD bkp:DSAttrName="localeID"><DSValue><![CDATA[1033]]></DSValue></DSAttributeMultiDWORD>
                        <DSAttributeMultiDWORD bkp:DSAttrName="machineArchitecture"><DSValue><![CDATA[1282]]></DSValue></DSAttributeMultiDWORD>
                        <DSAttributeDWORD bkp:DSAttrName="versionNumberHi"><DSValue><![CDATA[11]]></DSValue></DSAttributeDWORD>
                        <DSAttributeDWORD bkp:DSAttrName="versionNumberLo"><DSValue><![CDATA[0]]></DSValue></DSAttributeDWORD>
                        <DSAttributeDWORD bkp:DSAttrName="revision"><DSValue><![CDATA[0]]></DSValue></DSAttributeDWORD>
                        <DSAttributeDWORD bkp:DSAttrName="packageType"><DSValue><![CDATA[5]]></DSValue></DSAttributeDWORD>
                        <DSAttributeDWORD bkp:DSAttrName="packageFlags"><DSValue><![CDATA[2684879120]]></DSValue></DSAttributeDWORD>
                        <DSAttributeString bkp:DSAttrName="packageName"><DSValue><![CDATA[LabTech® Software Remote Agent]]></DSValue></DSAttributeString>
                        <DSAttributeString bkp:DSAttrName="msiScriptPath"><DSValue><![CDATA[\\provaltech.com\SysVol\provaltech.com\Policies\{29762080-34D5-474A-872B-04BF0CC3F7E0}\User\Applications\{FC144A4A-933E-447E-8350-CAFE15322608}.aas]]></DSValue></DSAttributeString>
                        <DSAttributeString bkp:DSAttrName="msiScriptName"><DSValue><![CDATA[R]]></DSValue></DSAttributeString>
                        <DSAttributeDWORD bkp:DSAttrName="msiScriptSize"/>
                        <DSAttributeMultiString bkp:DSAttrName="url"/>
                        <DSAttributeString bkp:DSAttrName="setupCommand"/>
                        <DSAttributeString bkp:DSAttrName="lastUpdateSequence"><DSValue><![CDATA[20170912050355]]></DSValue></DSAttributeString>
                        <DSAttributeMultiString bkp:DSAttrName="msiFileList"><DSValue><![CDATA[0:\\DC-02\Labtech_agent MSI\Agent_Install.MSI]]></DSValue></DSAttributeMultiString>
                        <DSAttributeMultiString bkp:DSAttrName="categories"/>
                        <DSAttributeMultiString bkp:DSAttrName="canUpgradeScript"/>
                        <DSAttributeDWORD bkp:DSAttrName="installUiLevel"><DSValue><![CDATA[3]]></DSValue></DSAttributeDWORD>
                        <DSAttributeBinary bkp:DSAttrName="msiScript"/>
                        <DSAttributeString bkp:DSAttrName="displayName"><DSValue><![CDATA[LabTech® Software Remote Agent]]></DSValue></DSAttributeString>
                        <DSAttributeBinary bkp:DSAttrName="productCode"><DSValue><![CDATA[1d 00 a3 58 75 b6 67 4d a5 a1 0f a9 f0 8c f7 ca]]></DSValue></DSAttributeBinary>
                        <DSAttributeBinary bkp:DSAttrName="upgradeProductCode"><DSValue><![CDATA[60 18 b1 32 30 67 7f 40 b5 db 19 4e 32 51 de e3]]></DSValue></DSAttributeBinary>
                        <DSAttributeString bkp:DSAttrName="Vendor"/>
                    </DSObject>
                        <SecurityDescriptor/>
                        <DSAttributeBinary bkp:DSAttrName="objectGUID"/>
                        <DSAttributeMultiString bkp:DSAttrName="cOMClassID"/>
                        <DSAttributeMultiString bkp:DSAttrName="cOMProgID"/>
                        <DSAttributeMultiString bkp:DSAttrName="fileExtPriority"/>
                        <DSAttributeMultiDWORD bkp:DSAttrName="localeID"/>
                        <DSAttributeMultiDWORD bkp:DSAttrName="machineArchitecture"/>
                        <DSAttributeDWORD bkp:DSAttrName="versionNumberHi"/>
                        <DSAttributeDWORD bkp:DSAttrName="versionNumberLo"/>
                        <DSAttributeDWORD bkp:DSAttrName="revision"/>
                        <DSAttributeDWORD bkp:DSAttrName="packageType"/>
                        <DSAttributeDWORD bkp:DSAttrName="packageFlags"/>
                        <DSAttributeString bkp:DSAttrName="packageName"/>
                        <DSAttributeString bkp:DSAttrName="msiScriptPath"/>
                        <DSAttributeString bkp:DSAttrName="msiScriptName"/>
                        <DSAttributeDWORD bkp:DSAttrName="msiScriptSize"/>
                        <DSAttributeMultiString bkp:DSAttrName="url"/>
                        <DSAttributeString bkp:DSAttrName="setupCommand"/>
                        <DSAttributeString bkp:DSAttrName="lastUpdateSequence"/>
                        <DSAttributeMultiString bkp:DSAttrName="msiFileList"/>
                        <DSAttributeMultiString bkp:DSAttrName="categories"/>
                        <DSAttributeMultiString bkp:DSAttrName="canUpgradeScript"/>
                        <DSAttributeDWORD bkp:DSAttrName="installUiLevel"/>
                        <DSAttributeBinary bkp:DSAttrName="msiScript"/>
                        <DSAttributeString bkp:DSAttrName="displayName"/>
                        <DSAttributeBinary bkp:DSAttrName="productCode"/>
                        <DSAttributeBinary bkp:DSAttrName="upgradeProductCode"/>
                        <DSAttributeString bkp:DSAttrName="Vendor"/>
                    </DSObject>
                </DSObject>
                <DSAttributeDWORD bkp:DSAttrName="appSchemaVersion"><DSValue><![CDATA[1740]]></DSValue></DSAttributeDWORD>
                <DSAttributeString bkp:DSAttrName="extensionName"><DSValue><![CDATA[LabTech_Agent_Installation_Policy]]></DSValue></DSAttributeString>
                <DSAttributeString bkp:DSAttrName="description"><DSValue><![CDATA[Application Store]]></DSValue></DSAttributeString>
                <DSAttributeExpandedString bkp:DSAttrName="displayName">
                    <DSValue>LDAP://%GPO_DSPATH%</DSValue>
                </DSAttributeExpandedString>
            </DSObject>
        
        </GroupPolicyExtension>
    <GroupPolicyExtension bkp:ID="{F15C46CD-82A0-4C2D-A210-5D0D3182A418}" bkp:DescName="Unknown Extension"><FSObjectDir bkp:Path="%GPO_MACH_FSPATH%\Applications" bkp:SourceExpandedPath="\\DC-01.provaltech.com\sysvol\provaltech.com\Policies\{29762080-34D5-474A-872B-04BF0CC3F7E0}\Machine\Applications" bkp:Location="DomainSysvol\GPO\Machine\Applications"/><FSObjectDir bkp:Path="%GPO_USER_FSPATH%\Applications" bkp:SourceExpandedPath="\\DC-01.provaltech.com\sysvol\provaltech.com\Policies\{29762080-34D5-474A-872B-04BF0CC3F7E0}\User\Applications" bkp:Location="DomainSysvol\GPO\User\Applications"/><FSObjectDir bkp:Path="%GPO_USER_FSPATH%\Documents &amp; Settings" bkp:SourceExpandedPath="\\DC-01.provaltech.com\sysvol\provaltech.com\Policies\{29762080-34D5-474A-872B-04BF0CC3F7E0}\User\Documents &amp; Settings" bkp:Location="DomainSysvol\GPO\User\Documents &amp; Settings"/><FSObjectDir bkp:Path="%GPO_USER_FSPATH%\Scripts" bkp:SourceExpandedPath="\\DC-01.provaltech.com\sysvol\provaltech.com\Policies\{29762080-34D5-474A-872B-04BF0CC3F7E0}\User\Scripts" bkp:Location="DomainSysvol\GPO\User\Scripts"/><FSObjectDir bkp:Path="%GPO_USER_FSPATH%\Scripts\Logoff" bkp:SourceExpandedPath="\\DC-01.provaltech.com\sysvol\provaltech.com\Policies\{29762080-34D5-474A-872B-04BF0CC3F7E0}\User\Scripts\Logoff" bkp:Location="DomainSysvol\GPO\User\Scripts\Logoff"/><FSObjectDir bkp:Path="%GPO_USER_FSPATH%\Scripts\Logon" bkp:SourceExpandedPath="\\DC-01.provaltech.com\sysvol\provaltech.com\Policies\{29762080-34D5-474A-872B-04BF0CC3F7E0}\User\Scripts\Logon" bkp:Location="DomainSysvol\GPO\User\Scripts\Logon"/></GroupPolicyExtension></GroupPolicyObject>
</GroupPolicyBackupScheme>