<BackupInst xmlns="http://www.microsoft.com/GroupPolicy/GPOOperations/Manifest" xmlns:mfst="http://www.microsoft.com/GroupPolicy/GPOOperations/Manifest" mfst:SIPresent="true"><GPOGuid><![CDATA[{29762080-34D5-474A-872B-04BF0CC3F7E0}]]></GPOGuid><GPODomain><![CDATA[provaltech.com]]></GPODomain><GPODomainGuid><![CDATA[{b95733ac-c5fb-43e1-9a5c-d3f503841571}]]></GPODomainGuid><GPODomainController><![CDATA[DC-01.provaltech.com]]></GPODomainController><BackupTime><![CDATA[2017-09-12T05:45:55]]></BackupTime><ID><![CDATA[{A3EC8299-15C9-472E-81C4-31797F6C3B8A}]]></ID><Comment><![CDATA[LabTech_Agent_Installation_Policy]]></Comment><GPODisplayName><![CDATA[LabTech_Agent_Installation_Policy]]></GPODisplayName></BackupInst>
