<BackupInst xmlns="http://www.microsoft.com/GroupPolicy/GPOOperations/Manifest" xmlns:mfst="http://www.microsoft.com/GroupPolicy/GPOOperations/Manifest" mfst:SIPresent="true"><GPOGuid><![CDATA[{42AB5112-0347-4EB4-858D-67E4F8DC52D4}]]></GPOGuid><GPODomain><![CDATA[provaltech.com]]></GPODomain><GPODomainGuid><![CDATA[{b95733ac-c5fb-43e1-9a5c-d3f503841571}]]></GPODomainGuid><GPODomainController><![CDATA[DC-01.provaltech.com]]></GPODomainController><BackupTime><![CDATA[2017-09-12T11:18:52]]></BackupTime><ID><![CDATA[{60A1A472-B559-414B-8972-373D24C91F48}]]></ID><Comment><![CDATA[]]></Comment><GPODisplayName><![CDATA[LabTech_Agent_Installation_Policy]]></GPODisplayName></BackupInst>
